patent_id,application_number,title,abstract,inventors,assignee,status,filing_date,url,source_query,last_updated_utc,llm_summary,pmid,journal,pubdate,year,month,day,authors,rochester_authors,affiliations,authors_display
19716074,19716074,INTELLIGENT BALLISTIC PARACHUTE SYSTEM THAT PERFORMS PRE-ACTIVATION AND/OR POST-ACTIVATION ACTIONS,No abstract available.,,Assignee unavailable,Application Undergoing Preexam Processing,2026-06-22,https://patentcenter.uspto.gov/applications/19716074,((ICN/Rochester AND IS/MN)) AND FD:[20060630 TO 20260625],2026-06-25T09:43:20Z,AI summary pending: set ANTHROPIC_API_KEY or OPENAI_API_KEY in query_uspto workflow secrets.,19716074,USPTO Patent Application - Assignee unavailable,"Jun 22, 2026",2026,Jun,22,,,,
19714075,19714075,SYSTEMS AND METHODS FOR AUTOMATIC AND TRANSPARENT CLIENT AUTHENTICATION AND ONLINE TRANSACTION VERIFICATION,No abstract available.,,Assignee unavailable,Application Undergoing Preexam Processing,2026-06-19,https://patentcenter.uspto.gov/applications/19714075,((ICN/Rochester AND IS/MN)) AND FD:[20060630 TO 20260625],2026-06-25T09:43:20Z,AI summary pending: set ANTHROPIC_API_KEY or OPENAI_API_KEY in query_uspto workflow secrets.,19714075,USPTO Patent Application - Assignee unavailable,"Jun 19, 2026",2026,Jun,19,,,,
19713103,19713103,Memory Arrays,No abstract available.,,Assignee unavailable,Application Undergoing Preexam Processing,2026-06-18,https://patentcenter.uspto.gov/applications/19713103,((ICN/Rochester AND IS/MN)) AND FD:[20060630 TO 20260625],2026-06-25T09:43:20Z,AI summary pending: set ANTHROPIC_API_KEY or OPENAI_API_KEY in query_uspto workflow secrets.,19713103,USPTO Patent Application - Assignee unavailable,"Jun 18, 2026",2026,Jun,18,,,,
90016399,90016399,EVENT-RELATED MEDIA MANAGEMENT SYSTEM,No abstract available.,,Assignee unavailable,Reexam Preprocessing Completed -- Released to Assigned GAU,2026-06-17,https://patentcenter.uspto.gov/applications/90016399,((ICN/Rochester AND IS/MN)) AND FD:[20060628 TO 20260623],2026-06-23T09:49:00Z,AI summary pending: set ANTHROPIC_API_KEY or OPENAI_API_KEY in query_uspto workflow secrets.,90016399,USPTO Patent Application - Assignee unavailable,"Jun 17, 2026",2026,Jun,17,,,,
19711617,19711617,DISPLAY DEVICE HAVING AN EMBEDDED SHIELDING LAYER FLEXIBLE SUBSTRATE,No abstract available.,,Assignee unavailable,Application Undergoing Preexam Processing,2026-06-17,https://patentcenter.uspto.gov/applications/19711617,((ICN/Rochester AND IS/MN)) AND FD:[20060629 TO 20260624],2026-06-24T09:47:32Z,AI summary pending: set ANTHROPIC_API_KEY or OPENAI_API_KEY in query_uspto workflow secrets.,19711617,USPTO Patent Application - Assignee unavailable,"Jun 17, 2026",2026,Jun,17,,,,
19144900,19144900,ARTIFICIAL-INTELLIGENCE-BASED DEVICE AND METHOD FOR EVALUATING CARDIAC STRAIN THROUGH ELECTROCARDIOGRAPHY,No abstract available.,,Assignee unavailable,Application Undergoing Preexam Processing,2026-06-17,https://patentcenter.uspto.gov/applications/19144900,((ICN/Rochester AND IS/MN)) AND FD:[20060630 TO 20260625],2026-06-25T09:43:20Z,AI summary pending: set ANTHROPIC_API_KEY or OPENAI_API_KEY in query_uspto workflow secrets.,19144900,USPTO Patent Application - Assignee unavailable,"Jun 17, 2026",2026,Jun,17,,,,
18688798,18688798,Process control system for standardized blood pressure measurement and implementation method,No abstract available.,,Assignee unavailable,Sent to Classification contractor,2026-06-17,https://patentcenter.uspto.gov/applications/18688798,((ICN/Rochester AND IS/MN)) AND FD:[20060628 TO 20260623],2026-06-23T09:49:00Z,AI summary pending: set ANTHROPIC_API_KEY or OPENAI_API_KEY in query_uspto workflow secrets.,18688798,USPTO Patent Application - Assignee unavailable,"Jun 17, 2026",2026,Jun,17,,,,
90016398,90016398,SEED CARRIER WITH PIVOTING CONVEYOR,No abstract available.,,Assignee unavailable,Reexam Preprocessing Completed -- Released to Assigned GAU,2026-06-16,https://patentcenter.uspto.gov/applications/90016398,((ICN/Rochester AND IS/MN)) AND FD:[20060628 TO 20260623],2026-06-23T09:49:00Z,AI summary pending: set ANTHROPIC_API_KEY or OPENAI_API_KEY in query_uspto workflow secrets.,90016398,USPTO Patent Application - Assignee unavailable,"Jun 16, 2026",2026,Jun,16,,,,
90016397,90016397,GENERAL PURPOSE ROBOTICS OPERATING SYSTEM WITH UNMANNED AND AUTONOMOUS VEHICLE EXTENSIONS,No abstract available.,,Assignee unavailable,Reexam Preprocessing Completed -- Released to Assigned GAU,2026-06-15,https://patentcenter.uspto.gov/applications/90016397,((ICN/Rochester AND IS/MN)) AND FD:[20060628 TO 20260623],2026-06-23T09:49:00Z,AI summary pending: set ANTHROPIC_API_KEY or OPENAI_API_KEY in query_uspto workflow secrets.,90016397,USPTO Patent Application - Assignee unavailable,"Jun 15, 2026",2026,Jun,15,,,,
90016396,90016396,"PROCESSED SLABS, AND SYSTEMS AND METHODS RELATED THERETO",No abstract available.,,Assignee unavailable,Reexam Preprocessing Completed -- Released to Assigned GAU,2026-06-15,https://patentcenter.uspto.gov/applications/90016396,((ICN/Rochester AND IS/MN)) AND FD:[20060624 TO 20260619],2026-06-19T10:03:01Z,AI summary pending: set ANTHROPIC_API_KEY or OPENAI_API_KEY in query_uspto workflow secrets.,90016396,USPTO Patent Application - Assignee unavailable,"Jun 15, 2026",2026,Jun,15,,,,
19491918,19491918,WEARABLE HOT-COMPRESS BREAST PUMP AND METHOD FOR CONTROLLING HOT-COMPRESS BREAST PUMPS,No abstract available.,,Assignee unavailable,Application Undergoing Preexam Processing,2026-06-15,https://patentcenter.uspto.gov/applications/19491918,"(""Rochester"" AND (""MN"" OR ""Minnesota"")) AND (applicationMetaData.filingDate:[2025-06-16 TO *] OR filingDate:[2025-06-16 TO *] OR applicationMetaData.publicationDate:[2025-06-16 TO *] OR publicationDate:[2025-06-16 TO *])",2026-06-16T11:30:56Z,AI summary pending: set ANTHROPIC_API_KEY or OPENAI_API_KEY in query_uspto workflow secrets.,19491918,USPTO Patent Application - Assignee unavailable,"Jun 15, 2026",2026,Jun,15,,,,
90016395,90016395,Lamp,No abstract available.,,Assignee unavailable,Reexam Preprocessing Completed -- Released to Assigned GAU,2026-06-13,https://patentcenter.uspto.gov/applications/90016395,((ICN/Rochester AND IS/MN)) AND FD:[20060624 TO 20260619],2026-06-19T10:03:01Z,AI summary pending: set ANTHROPIC_API_KEY or OPENAI_API_KEY in query_uspto workflow secrets.,90016395,USPTO Patent Application - Assignee unavailable,"Jun 13, 2026",2026,Jun,13,,,,
90016394,90016394,"SYSTEMS AND METHODS FOR ARTERIAL ACCESS, DIAGNOSIS, AND THERAPY",No abstract available.,,Assignee unavailable,Reexam Preprocessing Completed -- Released to Assigned GAU,2026-06-12,https://patentcenter.uspto.gov/applications/90016394,((ICN/Rochester AND IS/MN)) AND FD:[20060624 TO 20260619],2026-06-19T10:03:01Z,AI summary pending: set ANTHROPIC_API_KEY or OPENAI_API_KEY in query_uspto workflow secrets.,90016394,USPTO Patent Application - Assignee unavailable,"Jun 12, 2026",2026,Jun,12,,,,
90016393,90016393,DOUBLE DATA RATE CIRCUIT AND DATA GENERATION METHOD IMPLEMENTING PRECISE DUTY CYCLE CONTROL,No abstract available.,,Assignee unavailable,Reexam Preprocessing Completed -- Released to Assigned GAU,2026-06-12,https://patentcenter.uspto.gov/applications/90016393,((ICN/Rochester AND IS/MN)) AND FD:[20060624 TO 20260619],2026-06-19T10:03:01Z,AI summary pending: set ANTHROPIC_API_KEY or OPENAI_API_KEY in query_uspto workflow secrets.,90016393,USPTO Patent Application - Assignee unavailable,"Jun 12, 2026",2026,Jun,12,,,,
19168375,19168375,"INFORMATION PROCESSING APPARATUS, CHARACTERISTIC PREDICTION METHOD, AND CONTROL PROGRAM",No abstract available.,,Assignee unavailable,Application Undergoing Preexam Processing,2026-06-12,https://patentcenter.uspto.gov/applications/19168375,((ICN/Rochester AND IS/MN)) AND FD:[20060630 TO 20260625],2026-06-25T09:43:20Z,AI summary pending: set ANTHROPIC_API_KEY or OPENAI_API_KEY in query_uspto workflow secrets.,19168375,USPTO Patent Application - Assignee unavailable,"Jun 12, 2026",2026,Jun,12,,,,
19153537,19153537,SINGLE-ENDED DC-TO-DC CONVERTER,No abstract available.,,Assignee unavailable,Application Undergoing Preexam Processing,2026-06-12,https://patentcenter.uspto.gov/applications/19153537,((ICN/Rochester AND IS/MN)) AND FD:[20060622 TO 20260617],2026-06-17T10:09:25Z,AI summary pending: set ANTHROPIC_API_KEY or OPENAI_API_KEY in query_uspto workflow secrets.,19153537,USPTO Patent Application - Assignee unavailable,"Jun 12, 2026",2026,Jun,12,,,,
19140983,19140983,HYDROGEL-FORMING MATERIAL,No abstract available.,,Assignee unavailable,Application Undergoing Preexam Processing,2026-06-12,https://patentcenter.uspto.gov/applications/19140983,((ICN/Rochester AND IS/MN)) AND FD:[20060623 TO 20260618],2026-06-18T09:59:01Z,AI summary pending: set ANTHROPIC_API_KEY or OPENAI_API_KEY in query_uspto workflow secrets.,19140983,USPTO Patent Application - Assignee unavailable,"Jun 12, 2026",2026,Jun,12,,,,
19140283,19140283,"AROMATIC SUBSTITUENT-CONTAINING (HETERO) ARYL-IMIDAZOLE COMPOUND, AND PREPARATION METHOD THEREFOR AND USE THEREOF",No abstract available.,,Assignee unavailable,Application Undergoing Preexam Processing,2026-06-12,https://patentcenter.uspto.gov/applications/19140283,((ICN/Rochester AND IS/MN)) AND FD:[20060622 TO 20260617],2026-06-17T10:09:25Z,AI summary pending: set ANTHROPIC_API_KEY or OPENAI_API_KEY in query_uspto workflow secrets.,19140283,USPTO Patent Application - Assignee unavailable,"Jun 12, 2026",2026,Jun,12,,,,
19137534,19137534,WAFER PROCESSING METHOD AND INTEGRATED ETCHING-DEPOSITION EQUIPMENT FOR WAFER PROCESSING,No abstract available.,,Assignee unavailable,Application Undergoing Preexam Processing,2026-06-12,https://patentcenter.uspto.gov/applications/19137534,((ICN/Rochester AND IS/MN)) AND FD:[20060623 TO 20260618],2026-06-18T09:59:01Z,AI summary pending: set ANTHROPIC_API_KEY or OPENAI_API_KEY in query_uspto workflow secrets.,19137534,USPTO Patent Application - Assignee unavailable,"Jun 12, 2026",2026,Jun,12,,,,
19132296,19132296,METHOD AND APPARATUS FOR CODEWORD-SPECIFIC SEMI-PERSISTENT SCHDULING RELEASE,No abstract available.,,Assignee unavailable,Sent to Classification contractor,2026-06-12,https://patentcenter.uspto.gov/applications/19132296,((ICN/Rochester AND IS/MN)) AND FD:[20060623 TO 20260618],2026-06-18T09:59:01Z,AI summary pending: set ANTHROPIC_API_KEY or OPENAI_API_KEY in query_uspto workflow secrets.,19132296,USPTO Patent Application - Assignee unavailable,"Jun 12, 2026",2026,Jun,12,,,,
18720646,18720646,Asynchronous-synchronous Concurrent Two-Stage Analog to Digital Converter and Working Method Therefor,No abstract available.,,Assignee unavailable,Sent to Classification contractor,2026-06-12,https://patentcenter.uspto.gov/applications/18720646,"(""Rochester"" AND (""MN"" OR ""Minnesota"")) AND (applicationMetaData.filingDate:[2025-06-16 TO *] OR filingDate:[2025-06-16 TO *] OR applicationMetaData.publicationDate:[2025-06-16 TO *] OR publicationDate:[2025-06-16 TO *])",2026-06-16T11:30:56Z,AI summary pending: set ANTHROPIC_API_KEY or OPENAI_API_KEY in query_uspto workflow secrets.,18720646,USPTO Patent Application - Assignee unavailable,"Jun 12, 2026",2026,Jun,12,,,,
18719189,18719189,BATTERY PACK AND VEHICLE COMPRISING THE SAME,No abstract available.,,Assignee unavailable,Sent to Classification contractor,2026-06-12,https://patentcenter.uspto.gov/applications/18719189,"(""Rochester"" AND (""MN"" OR ""Minnesota"")) AND (applicationMetaData.filingDate:[2025-06-16 TO *] OR filingDate:[2025-06-16 TO *] OR applicationMetaData.publicationDate:[2025-06-16 TO *] OR publicationDate:[2025-06-16 TO *])",2026-06-16T11:30:56Z,AI summary pending: set ANTHROPIC_API_KEY or OPENAI_API_KEY in query_uspto workflow secrets.,18719189,USPTO Patent Application - Assignee unavailable,"Jun 12, 2026",2026,Jun,12,,,,
90016392,90016392,CONTAGION ISOLATION AND INOCULATION,No abstract available.,,Assignee unavailable,Reexam Preprocessing Completed -- Released to Assigned GAU,2026-06-11,https://patentcenter.uspto.gov/applications/90016392,((ICN/Rochester AND IS/MN)) AND FD:[20060624 TO 20260619],2026-06-19T10:03:01Z,AI summary pending: set ANTHROPIC_API_KEY or OPENAI_API_KEY in query_uspto workflow secrets.,90016392,USPTO Patent Application - Assignee unavailable,"Jun 11, 2026",2026,Jun,11,,,,
90016307,90016307,Lighting System for Color Mixing,No abstract available.,,Assignee unavailable,Reexam Preprocessing Completed -- Released to Assigned GAU,2026-06-11,https://patentcenter.uspto.gov/applications/90016307,((ICN/Rochester AND IS/MN)) AND FD:[20060622 TO 20260617],2026-06-17T10:09:25Z,AI summary pending: set ANTHROPIC_API_KEY or OPENAI_API_KEY in query_uspto workflow secrets.,90016307,USPTO Patent Application - Assignee unavailable,"Jun 11, 2026",2026,Jun,11,,,,
18720138,18720138,METHOD AND PORTABLE DEVICE FOR MONITORING AND IDENTIFYING CARDIAC EVENTS,No abstract available.,,Assignee unavailable,Application Undergoing Preexam Processing,2026-06-11,https://patentcenter.uspto.gov/applications/18720138,"(""Rochester"" AND (""MN"" OR ""Minnesota"")) AND (applicationMetaData.filingDate:[2025-06-16 TO *] OR filingDate:[2025-06-16 TO *] OR applicationMetaData.publicationDate:[2025-06-16 TO *] OR publicationDate:[2025-06-16 TO *])",2026-06-16T11:30:56Z,AI summary pending: set ANTHROPIC_API_KEY or OPENAI_API_KEY in query_uspto workflow secrets.,18720138,USPTO Patent Application - Assignee unavailable,"Jun 11, 2026",2026,Jun,11,,,,
90016391,90016391,Toy Track Section,No abstract available.,,Assignee unavailable,Reexam Preprocessing Completed -- Released to Assigned GAU,2026-06-10,https://patentcenter.uspto.gov/applications/90016391,((ICN/Rochester AND IS/MN)) AND FD:[20060624 TO 20260619],2026-06-19T10:03:01Z,AI summary pending: set ANTHROPIC_API_KEY or OPENAI_API_KEY in query_uspto workflow secrets.,90016391,USPTO Patent Application - Assignee unavailable,"Jun 10, 2026",2026,Jun,10,,,,
90016390,90016390,THREE-DIMENSIONAL MEMORY DEVICE AND METHOD FOR FORMING THE SAME,No abstract available.,,Assignee unavailable,Reexam Preprocessing Completed -- Released to Assigned GAU,2026-06-10,https://patentcenter.uspto.gov/applications/90016390,((ICN/Rochester AND IS/MN)) AND FD:[20060624 TO 20260619],2026-06-19T10:03:01Z,AI summary pending: set ANTHROPIC_API_KEY or OPENAI_API_KEY in query_uspto workflow secrets.,90016390,USPTO Patent Application - Assignee unavailable,"Jun 10, 2026",2026,Jun,10,,,,
90016360,90016360,MULTI-PERIMETER FIREWALL IN THE CLOUD,No abstract available.,,Assignee unavailable,Reexam Preprocessing Completed -- Released to Assigned GAU,2026-06-10,https://patentcenter.uspto.gov/applications/90016360,"(""Rochester"" AND (""MN"" OR ""Minnesota"")) AND (applicationMetaData.filingDate:[2025-06-16 TO *] OR filingDate:[2025-06-16 TO *] OR applicationMetaData.publicationDate:[2025-06-16 TO *] OR publicationDate:[2025-06-16 TO *])",2026-06-16T11:30:56Z,AI summary pending: set ANTHROPIC_API_KEY or OPENAI_API_KEY in query_uspto workflow secrets.,90016360,USPTO Patent Application - Assignee unavailable,"Jun 10, 2026",2026,Jun,10,,,,
19704300,19704300,METHOD FOR DETERMINING A CONCENTRATION OF A SYNTHESIS COMPONENT IN A RADIOPHARMACEUTICAL SAMPLE,No abstract available.,,Assignee unavailable,Application Undergoing Preexam Processing,2026-06-10,https://patentcenter.uspto.gov/applications/19704300,"(""Rochester"" AND (""MN"" OR ""Minnesota"")) AND (applicationMetaData.filingDate:[2025-06-16 TO *] OR filingDate:[2025-06-16 TO *] OR applicationMetaData.publicationDate:[2025-06-16 TO *] OR publicationDate:[2025-06-16 TO *])",2026-06-16T11:30:56Z,AI summary pending: set ANTHROPIC_API_KEY or OPENAI_API_KEY in query_uspto workflow secrets.,19704300,USPTO Patent Application - Assignee unavailable,"Jun 10, 2026",2026,Jun,10,,,,
19152691,19152691,LIGHTING DEVICE,No abstract available.,,Assignee unavailable,Application Undergoing Preexam Processing,2026-06-10,https://patentcenter.uspto.gov/applications/19152691,((ICN/Rochester AND IS/MN)) AND FD:[20060625 TO 20260620],2026-06-20T09:42:03Z,AI summary pending: set ANTHROPIC_API_KEY or OPENAI_API_KEY in query_uspto workflow secrets.,19152691,USPTO Patent Application - Assignee unavailable,"Jun 10, 2026",2026,Jun,10,,,,
19136632,19136632,SIDELINK WIRELESS COMMUNICATION METHOD AND APPARATUS,No abstract available.,,Assignee unavailable,Application Undergoing Preexam Processing,2026-06-10,https://patentcenter.uspto.gov/applications/19136632,((ICN/Rochester AND IS/MN)) AND FD:[20060624 TO 20260619],2026-06-19T10:03:01Z,AI summary pending: set ANTHROPIC_API_KEY or OPENAI_API_KEY in query_uspto workflow secrets.,19136632,USPTO Patent Application - Assignee unavailable,"Jun 10, 2026",2026,Jun,10,,,,
19135381,19135381,"Control system and control method of battery pack charging/discharging, and garden tool system",No abstract available.,,Assignee unavailable,Application Undergoing Preexam Processing,2026-06-10,https://patentcenter.uspto.gov/applications/19135381,((ICN/Rochester AND IS/MN)) AND FD:[20060623 TO 20260618],2026-06-18T09:59:01Z,AI summary pending: set ANTHROPIC_API_KEY or OPENAI_API_KEY in query_uspto workflow secrets.,19135381,USPTO Patent Application - Assignee unavailable,"Jun 10, 2026",2026,Jun,10,,,,
18721480,18721480,SMART CONVERTER FOR A SYNCHRONOUS MOTOR,No abstract available.,,Assignee unavailable,Sent to Classification contractor,2026-06-10,https://patentcenter.uspto.gov/applications/18721480,"(""Rochester"" AND (""MN"" OR ""Minnesota"")) AND (applicationMetaData.filingDate:[2025-06-16 TO *] OR filingDate:[2025-06-16 TO *] OR applicationMetaData.publicationDate:[2025-06-16 TO *] OR publicationDate:[2025-06-16 TO *])",2026-06-16T11:30:56Z,AI summary pending: set ANTHROPIC_API_KEY or OPENAI_API_KEY in query_uspto workflow secrets.,18721480,USPTO Patent Application - Assignee unavailable,"Jun 10, 2026",2026,Jun,10,,,,
90016389,90016389,DISPLAYING VISUAL ELEMENTS ON A MEDICAL DEVICE,No abstract available.,,Assignee unavailable,Reexam Preprocessing Completed -- Released to Assigned GAU,2026-06-09,https://patentcenter.uspto.gov/applications/90016389,((ICN/Rochester AND IS/MN)) AND FD:[20060623 TO 20260618],2026-06-18T09:59:01Z,AI summary pending: set ANTHROPIC_API_KEY or OPENAI_API_KEY in query_uspto workflow secrets.,90016389,USPTO Patent Application - Assignee unavailable,"Jun 09, 2026",2026,Jun,9,,,,
90016388,90016388,WIRELESS COMMUNICATION METHOD AND WIRELESS COMMUNICATION TERMINAL IN BASIC SERVICE SET OVERLAPPING WITH ANOTHER BASIC SERVICE SET,No abstract available.,,Assignee unavailable,Reexam Preprocessing Completed -- Released to Assigned GAU,2026-06-09,https://patentcenter.uspto.gov/applications/90016388,((ICN/Rochester AND IS/MN)) AND FD:[20060623 TO 20260618],2026-06-18T09:59:01Z,AI summary pending: set ANTHROPIC_API_KEY or OPENAI_API_KEY in query_uspto workflow secrets.,90016388,USPTO Patent Application - Assignee unavailable,"Jun 09, 2026",2026,Jun,9,,,,
19511560,19511560,PROVENANCE DETERMINATION AND AUTHENTICATION OF CONTENT USING WATERMARKS,No abstract available.,,Assignee unavailable,Application Undergoing Preexam Processing,2026-06-09,https://patentcenter.uspto.gov/applications/19511560,"(""Rochester"" AND (""MN"" OR ""Minnesota"")) AND (applicationMetaData.filingDate:[2025-06-16 TO *] OR filingDate:[2025-06-16 TO *] OR applicationMetaData.publicationDate:[2025-06-16 TO *] OR publicationDate:[2025-06-16 TO *])",2026-06-16T11:30:56Z,AI summary pending: set ANTHROPIC_API_KEY or OPENAI_API_KEY in query_uspto workflow secrets.,19511560,USPTO Patent Application - Assignee unavailable,"Jun 09, 2026",2026,Jun,9,,,,
19156766,19156766,"OUTDOOR UNIT OF AIR CONDITIONER, AND AIR CONDITIONER",No abstract available.,,Assignee unavailable,Application Undergoing Preexam Processing,2026-06-09,https://patentcenter.uspto.gov/applications/19156766,((ICN/Rochester AND IS/MN)) AND FD:[20060623 TO 20260618],2026-06-18T09:59:01Z,AI summary pending: set ANTHROPIC_API_KEY or OPENAI_API_KEY in query_uspto workflow secrets.,19156766,USPTO Patent Application - Assignee unavailable,"Jun 09, 2026",2026,Jun,9,,,,
19147317,19147317,DEVICE FOR ENERGY AND COMMUNICATION TRANSFER BY MEANS OF ASYNCHRONOUS MAGNETIC FLUX CONTROL,No abstract available.,,Assignee unavailable,Application Undergoing Preexam Processing,2026-06-09,https://patentcenter.uspto.gov/applications/19147317,((ICN/Rochester AND IS/MN)) AND FD:[20060622 TO 20260617],2026-06-17T10:09:25Z,AI summary pending: set ANTHROPIC_API_KEY or OPENAI_API_KEY in query_uspto workflow secrets.,19147317,USPTO Patent Application - Assignee unavailable,"Jun 09, 2026",2026,Jun,9,,,,
19145060,19145060,"TIMING CONTROLLER, DISPLAY DEVICE INCLUDING THE SAME AND OPERATIONAL METHOD THEREOF",No abstract available.,,Assignee unavailable,Application Undergoing Preexam Processing,2026-06-09,https://patentcenter.uspto.gov/applications/19145060,((ICN/Rochester AND IS/MN)) AND FD:[20060622 TO 20260617],2026-06-17T10:09:25Z,AI summary pending: set ANTHROPIC_API_KEY or OPENAI_API_KEY in query_uspto workflow secrets.,19145060,USPTO Patent Application - Assignee unavailable,"Jun 09, 2026",2026,Jun,9,,,,
19144675,19144675,"METHYLOPHIOPOGONONE A DERIVATIVE, AND PREPARATION AND USE THEREOF",No abstract available.,,Assignee unavailable,Application Undergoing Preexam Processing,2026-06-09,https://patentcenter.uspto.gov/applications/19144675,"(""Rochester"" AND (""MN"" OR ""Minnesota"")) AND (applicationMetaData.filingDate:[2025-06-16 TO *] OR filingDate:[2025-06-16 TO *] OR applicationMetaData.publicationDate:[2025-06-16 TO *] OR publicationDate:[2025-06-16 TO *])",2026-06-16T11:30:56Z,AI summary pending: set ANTHROPIC_API_KEY or OPENAI_API_KEY in query_uspto workflow secrets.,19144675,USPTO Patent Application - Assignee unavailable,"Jun 09, 2026",2026,Jun,9,,,,
19140423,19140423,Interconnecting a hollow-core fibre with a standard silica single-mode fibre,No abstract available.,,Assignee unavailable,Application Undergoing Preexam Processing,2026-06-09,https://patentcenter.uspto.gov/applications/19140423,((ICN/Rochester AND IS/MN)) AND FD:[20060622 TO 20260617],2026-06-17T10:09:25Z,AI summary pending: set ANTHROPIC_API_KEY or OPENAI_API_KEY in query_uspto workflow secrets.,19140423,USPTO Patent Application - Assignee unavailable,"Jun 09, 2026",2026,Jun,9,,,,
19135704,19135704,STABILIZER DEVICE,No abstract available.,,Assignee unavailable,Sent to Classification contractor,2026-06-09,https://patentcenter.uspto.gov/applications/19135704,"(""Rochester"" AND (""MN"" OR ""Minnesota"")) AND (applicationMetaData.filingDate:[2025-06-16 TO *] OR filingDate:[2025-06-16 TO *] OR applicationMetaData.publicationDate:[2025-06-16 TO *] OR publicationDate:[2025-06-16 TO *])",2026-06-16T11:30:56Z,AI summary pending: set ANTHROPIC_API_KEY or OPENAI_API_KEY in query_uspto workflow secrets.,19135704,USPTO Patent Application - Assignee unavailable,"Jun 09, 2026",2026,Jun,9,,,,
18975316,18975316,CANCER IMMUNOTHERAPY ORAL VACCINE,No abstract available.,,Assignee unavailable,Application Returned back to Preexam,2026-06-09,https://patentcenter.uspto.gov/applications/18975316,"(""Rochester"" AND (""MN"" OR ""Minnesota"")) AND (applicationMetaData.filingDate:[2025-06-16 TO *] OR filingDate:[2025-06-16 TO *] OR applicationMetaData.publicationDate:[2025-06-16 TO *] OR publicationDate:[2025-06-16 TO *])",2026-06-16T11:30:56Z,AI summary pending: set ANTHROPIC_API_KEY or OPENAI_API_KEY in query_uspto workflow secrets.,18975316,USPTO Patent Application - Assignee unavailable,"Jun 09, 2026",2026,Jun,9,,,,
90016386,90016386,BICYCLE RACK WITH C-HOOPS,No abstract available.,,Assignee unavailable,Reexam Preprocessing Completed -- Released to Assigned GAU,2026-06-08,https://patentcenter.uspto.gov/applications/90016386,((ICN/Rochester AND IS/MN)) AND FD:[20060622 TO 20260617],2026-06-17T10:09:25Z,AI summary pending: set ANTHROPIC_API_KEY or OPENAI_API_KEY in query_uspto workflow secrets.,90016386,USPTO Patent Application - Assignee unavailable,"Jun 08, 2026",2026,Jun,8,,,,
90016385,90016385,EQUIPMENT PROTECTION USING A PARTIAL STAR ARCHITECTURE,No abstract available.,,Assignee unavailable,Reexam Preprocessing Completed -- Released to Assigned GAU,2026-06-08,https://patentcenter.uspto.gov/applications/90016385,((ICN/Rochester AND IS/MN)) AND FD:[20060622 TO 20260617],2026-06-17T10:09:25Z,AI summary pending: set ANTHROPIC_API_KEY or OPENAI_API_KEY in query_uspto workflow secrets.,90016385,USPTO Patent Application - Assignee unavailable,"Jun 08, 2026",2026,Jun,8,,,,
19514314,19514314,SURGICAL ROBOT SYSTEM,No abstract available.,,Assignee unavailable,Application Undergoing Preexam Processing,2026-06-08,https://patentcenter.uspto.gov/applications/19514314,"(""Rochester"" AND (""MN"" OR ""Minnesota"")) AND (applicationMetaData.filingDate:[2025-06-16 TO *] OR filingDate:[2025-06-16 TO *] OR applicationMetaData.publicationDate:[2025-06-16 TO *] OR publicationDate:[2025-06-16 TO *])",2026-06-16T11:30:56Z,AI summary pending: set ANTHROPIC_API_KEY or OPENAI_API_KEY in query_uspto workflow secrets.,19514314,USPTO Patent Application - Assignee unavailable,"Jun 08, 2026",2026,Jun,8,,,,
90016379,90016379,"DEVICE, SYSTEM AND METHOD OF INDICATING STATION-SPECIFIC INFORMATION WITHIN A WIRELESS COMMUNICATION",No abstract available.,,Assignee unavailable,Reexam Preprocessing Completed -- Released to Assigned GAU,2026-06-05,https://patentcenter.uspto.gov/applications/90016379,((ICN/Rochester AND IS/MN)) AND FD:[20060622 TO 20260617],2026-06-17T10:09:25Z,AI summary pending: set ANTHROPIC_API_KEY or OPENAI_API_KEY in query_uspto workflow secrets.,90016379,USPTO Patent Application - Assignee unavailable,"Jun 05, 2026",2026,Jun,5,,,,
90016378,90016378,ENHANCED POSE DETERMINATION FOR DISPLAY DEVICE,No abstract available.,,Assignee unavailable,Reexam Preprocessing Completed -- Released to Assigned GAU,2026-06-05,https://patentcenter.uspto.gov/applications/90016378,((ICN/Rochester AND IS/MN)) AND FD:[20060622 TO 20260617],2026-06-17T10:09:25Z,AI summary pending: set ANTHROPIC_API_KEY or OPENAI_API_KEY in query_uspto workflow secrets.,90016378,USPTO Patent Application - Assignee unavailable,"Jun 05, 2026",2026,Jun,5,,,,
90016377,90016377,PROVIDING ADDITIONAL DIGITAL CONTENT OR ADVERTISING BASED ON ANALYSIS OF SPECIFIC INTEREST IN THE DIGITAL CONTENT BEING VIEWED,No abstract available.,,Assignee unavailable,Reexam Preprocessing Completed -- Released to Assigned GAU,2026-06-05,https://patentcenter.uspto.gov/applications/90016377,"(""Rochester"" AND (""MN"" OR ""Minnesota"")) AND (applicationMetaData.filingDate:[2025-06-16 TO *] OR filingDate:[2025-06-16 TO *] OR applicationMetaData.publicationDate:[2025-06-16 TO *] OR publicationDate:[2025-06-16 TO *])",2026-06-16T11:30:56Z,AI summary pending: set ANTHROPIC_API_KEY or OPENAI_API_KEY in query_uspto workflow secrets.,90016377,USPTO Patent Application - Assignee unavailable,"Jun 05, 2026",2026,Jun,5,,,,
19700023,19700023,METHOD AND APPARATUS FOR ADAPTIVELY ENCODING AND DECODING A QUANTIZATION PARAMETER BASED ON A QUADTREE STRUCTURE,No abstract available.,,Assignee unavailable,"Application Dispatched from Preexam, Not Yet Docketed",2026-06-05,https://patentcenter.uspto.gov/applications/19700023,"(""Rochester"" AND (""MN"" OR ""Minnesota"")) AND (applicationMetaData.filingDate:[2025-06-16 TO *] OR filingDate:[2025-06-16 TO *] OR applicationMetaData.publicationDate:[2025-06-16 TO *] OR publicationDate:[2025-06-16 TO *])",2026-06-16T11:30:56Z,AI summary pending: set ANTHROPIC_API_KEY or OPENAI_API_KEY in query_uspto workflow secrets.,19700023,USPTO Patent Application - Assignee unavailable,"Jun 05, 2026",2026,Jun,5,,,,
19699920,19699920,"IMAGE CODING METHOD, IMAGE CODING APPARATUS, IMAGE DECODING METHOD AND IMAGE DECODING APPARATUS",No abstract available.,,Assignee unavailable,"Application Dispatched from Preexam, Not Yet Docketed",2026-06-05,https://patentcenter.uspto.gov/applications/19699920,"(""Rochester"" AND (""MN"" OR ""Minnesota"")) AND (applicationMetaData.filingDate:[2025-06-16 TO *] OR filingDate:[2025-06-16 TO *] OR applicationMetaData.publicationDate:[2025-06-16 TO *] OR publicationDate:[2025-06-16 TO *])",2026-06-16T11:30:56Z,AI summary pending: set ANTHROPIC_API_KEY or OPENAI_API_KEY in query_uspto workflow secrets.,19699920,USPTO Patent Application - Assignee unavailable,"Jun 05, 2026",2026,Jun,5,,,,
19698866,19698866,OPTOELECTRONIC SEMICONDUCTOR DEVICE HAVING ELECTRODE JUNCTION WITH LOW REFLECTIVITY,No abstract available.,,Assignee unavailable,"Application Dispatched from Preexam, Not Yet Docketed",2026-06-05,https://patentcenter.uspto.gov/applications/19698866,"(""Rochester"" AND (""MN"" OR ""Minnesota"")) AND (applicationMetaData.filingDate:[2025-06-16 TO *] OR filingDate:[2025-06-16 TO *] OR applicationMetaData.publicationDate:[2025-06-16 TO *] OR publicationDate:[2025-06-16 TO *])",2026-06-16T11:30:56Z,AI summary pending: set ANTHROPIC_API_KEY or OPENAI_API_KEY in query_uspto workflow secrets.,19698866,USPTO Patent Application - Assignee unavailable,"Jun 05, 2026",2026,Jun,5,,,,
19135222,19135222,"SKIN DIAGNOSTIC SYSTEM, SKIN DIAGNOSTIC APPARATUS, NON-TRANSITORY COMPUTER-READBLE RECORDING MEDIUM STORING PROGRAM, AND METHOD",No abstract available.,,Assignee unavailable,Sent to Classification contractor,2026-06-05,https://patentcenter.uspto.gov/applications/19135222,"(""Rochester"" AND (""MN"" OR ""Minnesota"")) AND (applicationMetaData.filingDate:[2025-06-16 TO *] OR filingDate:[2025-06-16 TO *] OR applicationMetaData.publicationDate:[2025-06-16 TO *] OR publicationDate:[2025-06-16 TO *])",2026-06-16T11:30:56Z,AI summary pending: set ANTHROPIC_API_KEY or OPENAI_API_KEY in query_uspto workflow secrets.,19135222,USPTO Patent Application - Assignee unavailable,"Jun 05, 2026",2026,Jun,5,,,,
19112458,19112458,VALVE,No abstract available.,,Assignee unavailable,Application Undergoing Preexam Processing,2026-06-05,https://patentcenter.uspto.gov/applications/19112458,"(""Rochester"" AND (""MN"" OR ""Minnesota"")) AND (applicationMetaData.filingDate:[2025-06-16 TO *] OR filingDate:[2025-06-16 TO *] OR applicationMetaData.publicationDate:[2025-06-16 TO *] OR publicationDate:[2025-06-16 TO *])",2026-06-16T11:30:56Z,AI summary pending: set ANTHROPIC_API_KEY or OPENAI_API_KEY in query_uspto workflow secrets.,19112458,USPTO Patent Application - Assignee unavailable,"Jun 05, 2026",2026,Jun,5,,,,
90016376,90016376,BICYCLE CARRIER WITH DAMPER,No abstract available.,,Assignee unavailable,Reexam Preprocessing Completed -- Released to Assigned GAU,2026-06-04,https://patentcenter.uspto.gov/applications/90016376,"(""Rochester"" AND (""MN"" OR ""Minnesota"")) AND (applicationMetaData.filingDate:[2025-06-16 TO *] OR filingDate:[2025-06-16 TO *] OR applicationMetaData.publicationDate:[2025-06-16 TO *] OR publicationDate:[2025-06-16 TO *])",2026-06-16T11:30:56Z,AI summary pending: set ANTHROPIC_API_KEY or OPENAI_API_KEY in query_uspto workflow secrets.,90016376,USPTO Patent Application - Assignee unavailable,"Jun 04, 2026",2026,Jun,4,,,,
90016375,90016375,SPORTS EQUIPMENT CARRIER AND STORAGE RACK,No abstract available.,,Assignee unavailable,Reexam Preprocessing Completed -- Released to Assigned GAU,2026-06-04,https://patentcenter.uspto.gov/applications/90016375,"(""Rochester"" AND (""MN"" OR ""Minnesota"")) AND (applicationMetaData.filingDate:[2025-06-16 TO *] OR filingDate:[2025-06-16 TO *] OR applicationMetaData.publicationDate:[2025-06-16 TO *] OR publicationDate:[2025-06-16 TO *])",2026-06-16T11:30:56Z,AI summary pending: set ANTHROPIC_API_KEY or OPENAI_API_KEY in query_uspto workflow secrets.,90016375,USPTO Patent Application - Assignee unavailable,"Jun 04, 2026",2026,Jun,4,,,,
19698321,19698321,"3,5-DISUBSTITUTED ALKYNYLBENZENE COMPOUND AND SALT THEREOF",No abstract available.,,Assignee unavailable,"Application Dispatched from Preexam, Not Yet Docketed",2026-06-04,https://patentcenter.uspto.gov/applications/19698321,"(""Rochester"" AND (""MN"" OR ""Minnesota"")) AND (applicationMetaData.filingDate:[2025-06-16 TO *] OR filingDate:[2025-06-16 TO *] OR applicationMetaData.publicationDate:[2025-06-16 TO *] OR publicationDate:[2025-06-16 TO *])",2026-06-16T11:30:56Z,AI summary pending: set ANTHROPIC_API_KEY or OPENAI_API_KEY in query_uspto workflow secrets.,19698321,USPTO Patent Application - Assignee unavailable,"Jun 04, 2026",2026,Jun,4,,,,
19698114,19698114,MONITORING UNIT,No abstract available.,,Assignee unavailable,"Application Dispatched from Preexam, Not Yet Docketed",2026-06-04,https://patentcenter.uspto.gov/applications/19698114,"(""Rochester"" AND (""MN"" OR ""Minnesota"")) AND (applicationMetaData.filingDate:[2025-06-16 TO *] OR filingDate:[2025-06-16 TO *] OR applicationMetaData.publicationDate:[2025-06-16 TO *] OR publicationDate:[2025-06-16 TO *])",2026-06-16T11:30:56Z,AI summary pending: set ANTHROPIC_API_KEY or OPENAI_API_KEY in query_uspto workflow secrets.,19698114,USPTO Patent Application - Assignee unavailable,"Jun 04, 2026",2026,Jun,4,,,,
19140947,19140947,POLISHING HEAD AND POLISHING DEVICE,No abstract available.,,Assignee unavailable,Application Undergoing Preexam Processing,2026-06-04,https://patentcenter.uspto.gov/applications/19140947,"(""Rochester"" AND (""MN"" OR ""Minnesota"")) AND (applicationMetaData.filingDate:[2025-06-16 TO *] OR filingDate:[2025-06-16 TO *] OR applicationMetaData.publicationDate:[2025-06-16 TO *] OR publicationDate:[2025-06-16 TO *])",2026-06-16T11:30:56Z,AI summary pending: set ANTHROPIC_API_KEY or OPENAI_API_KEY in query_uspto workflow secrets.,19140947,USPTO Patent Application - Assignee unavailable,"Jun 04, 2026",2026,Jun,4,,,,
18716514,18716514,FLOATING IMAGE DISPLAY DEVICE,No abstract available.,,Assignee unavailable,Application Undergoing Preexam Processing,2026-06-04,https://patentcenter.uspto.gov/applications/18716514,"(""Rochester"" AND (""MN"" OR ""Minnesota"")) AND (applicationMetaData.filingDate:[2025-06-16 TO *] OR filingDate:[2025-06-16 TO *] OR applicationMetaData.publicationDate:[2025-06-16 TO *] OR publicationDate:[2025-06-16 TO *])",2026-06-16T11:30:56Z,AI summary pending: set ANTHROPIC_API_KEY or OPENAI_API_KEY in query_uspto workflow secrets.,18716514,USPTO Patent Application - Assignee unavailable,"Jun 04, 2026",2026,Jun,4,,,,
90016228,90016228,Car Inverter,No abstract available.,,Assignee unavailable,Reexam Assigned to Examiner for Determination,2026-06-03,https://patentcenter.uspto.gov/applications/90016228,"(""Rochester"" AND (""MN"" OR ""Minnesota"")) AND (applicationMetaData.filingDate:[2025-06-16 TO *] OR filingDate:[2025-06-16 TO *] OR applicationMetaData.publicationDate:[2025-06-16 TO *] OR publicationDate:[2025-06-16 TO *])",2026-06-16T11:30:56Z,AI summary pending: set ANTHROPIC_API_KEY or OPENAI_API_KEY in query_uspto workflow secrets.,90016228,USPTO Patent Application - Assignee unavailable,"Jun 03, 2026",2026,Jun,3,,,,
14410609,14410609,"METALLIC NANO-TIP APPARATUS, METHODS, AND APPLICATIONS",No abstract available.,,Assignee unavailable,Patent Expired Due to NonPayment of Maintenance Fees Under 37 CFR 1.362,2014-12-23,https://patentcenter.uspto.gov/applications/14410609,Rochester AND Minnesota,2026-06-16T10:58:06Z,AI summary pending: set ANTHROPIC_API_KEY or OPENAI_API_KEY in query_uspto workflow secrets.,14410609,USPTO Patent Application - Assignee unavailable,"Dec 23, 2014",2014,Dec,23,,,,
61934310,61934310,NOVEL THERAPEUTICS FOR THE TREATMENT OF GLAUCOMA,No abstract available.,,Assignee unavailable,Provisional Application Expired,2014-01-31,https://patentcenter.uspto.gov/applications/61934310,Rochester AND Minnesota,2026-06-16T10:58:06Z,AI summary pending: set ANTHROPIC_API_KEY or OPENAI_API_KEY in query_uspto workflow secrets.,61934310,USPTO Patent Application - Assignee unavailable,"Jan 31, 2014",2014,Jan,31,,,,
PCTUS2013040469,PCTUS2013040469,"METALLIC NANO-TIP APPARATUS, METHODS, AND APPLICATIONS",No abstract available.,,Assignee unavailable,RO PROCESSING COMPLETED-PLACED IN STORAGE,2013-05-10,https://patentcenter.uspto.gov/applications/PCTUS2013040469,Rochester AND Minnesota,2026-06-16T10:58:06Z,AI summary pending: set ANTHROPIC_API_KEY or OPENAI_API_KEY in query_uspto workflow secrets.,PCTUS2013040469,USPTO Patent Application - Assignee unavailable,"May 10, 2013",2013,May,10,,,,
61666301,61666301,TEMPLATED MASS PRODUCTION OF ULTRA-SHARP METALLIC PROBES FOR NEAR-FIELD OPTICAL MICROSCOPY,No abstract available.,,Assignee unavailable,Provisional Application Expired,2012-06-29,https://patentcenter.uspto.gov/applications/61666301,Rochester AND Minnesota,2026-06-16T10:58:06Z,AI summary pending: set ANTHROPIC_API_KEY or OPENAI_API_KEY in query_uspto workflow secrets.,61666301,USPTO Patent Application - Assignee unavailable,"Jun 29, 2012",2012,Jun,29,,,,
60400341,60400341,Embolism protection device,No abstract available.,,Assignee unavailable,Provisional Application Expired,2002-08-01,https://patentcenter.uspto.gov/applications/60400341,Rochester AND Minnesota,2026-06-16T10:58:06Z,AI summary pending: set ANTHROPIC_API_KEY or OPENAI_API_KEY in query_uspto workflow secrets.,60400341,USPTO Patent Application - Assignee unavailable,"Aug 01, 2002",2002,Aug,1,,,,
